SNO,FileName,Index,KeyHash,Key,Translation
2502410,Item_X2_HoradricCube_CraftingMaterial_A,0,4062401,Name,"{icon:Cube_TooltipIcon, 2}未加工の原初の塵"
2502431,Item_X2_HoradricCube_CraftingMaterial_B,0,4062401,Name,"{icon:Cube_TooltipIcon, 2}荒い原初の塵"
2502434,Item_X2_HoradricCube_CraftingMaterial_C,0,4062401,Name,"{icon:Cube_TooltipIcon, 2}精製された原初の塵"
2502439,Item_X2_HoradricCube_CraftingMaterial_D,0,4062401,Name,"{icon:Transfiguration, 2}不安定な原初の塵"
2502442,Item_X2_HoradricCube_CraftingMaterial_E,0,4062401,Name,"{icon:Cube_TooltipIcon, 2}純粋な原初の塵"
2530715,Item_X2_HoradricCube_CraftingMaterial_F,0,4062401,Name,"{icon:Cube_TooltipIcon, 2}強化された原初の塵"
2530718,Item_X2_HoradricCube_CraftingMaterial_G,0,4062401,Name,"{icon:Cube_TooltipIcon, 2}調和の取れた原初の塵"
2530722,Item_X2_HoradricCube_CraftingMaterial_H,0,4062401,Name,"{icon:Cube_TooltipIcon, 2}共鳴する原初の塵"
2585030,Item_X2_Talisman_CraftingMaterial_HoradricResin,0,4062401,Name,"{icon:Cube_TooltipIcon, 2}浸染したホラドリムの樹脂"
